"predict","car_ID","symboling","Brand","Model","fueltype","aspiration","doornumber","carbody","drivewheel","enginelocation","wheelbase","carlength","carwidth","carheight","curbweight","enginetype","cylindernumber","enginesize","fuelsystem","boreratio","stroke","compressionratio","horsepower","peakrpm","citympg","highwaympg","price"
15224.116415181703,"1",3,"alfa","giulia","gas","std",2,"convertible","rwd","front",88.6,168.8,64.1,48.8,2548,"dohc",4,130,"mpfi",3.47,2.68,9.0,111,5000,21,27,13495.0
15224.116415181703,"2",3,"alfa","stelvio","gas","std",2,"convertible","rwd","front",88.6,168.8,64.1,48.8,2548,"dohc",4,130,"mpfi",3.47,2.68,9.0,111,5000,21,27,16500.0
16666.6154963165,"3",1,"alfa","quadrifoglio","gas","std",2,"hatchback","rwd","front",94.5,171.2,65.5,52.4,2823,"ohcv",6,152,"mpfi",2.68,3.47,9.0,154,5000,19,26,16500.0
13697.847562053747,"4",2,"audi","100","gas","std",4,"sedan","fwd","front",99.8,176.6,66.2,54.3,2337,"ohc",4,109,"mpfi",3.19,3.4,10.0,102,5500,24,30,13950.0
17583.0810535937,"5",2,"audi","100ls","gas","std",4,"sedan","4wd","front",99.4,176.6,66.4,54.3,2824,"ohc",5,136,"mpfi",3.19,3.4,8.0,115,5500,18,22,17450.0
14943.230696895665,"6",2,"audi","fox","gas","std",2,"sedan","fwd","front",99.8,177.3,66.3,53.1,2507,"ohc",5,136,"mpfi",3.19,3.4,8.5,110,5500,19,25,15250.0
18543.829074302263,"7",1,"audi","100ls","gas","std",4,"sedan","fwd","front",105.8,192.7,71.4,55.7,2844,"ohc",5,136,"mpfi",3.19,3.4,8.5,110,5500,19,25,17710.0
18799.030715504236,"8",1,"audi","5000","gas","std",4,"wagon","fwd","front",105.8,192.7,71.4,55.7,2954,"ohc",5,136,"mpfi",3.19,3.4,8.5,110,5500,19,25,18920.0
22973.63139299447,"9",1,"audi","4000","gas","turbo",4,"sedan","fwd","front",105.8,192.7,71.4,55.9,3086,"ohc",5,131,"mpfi",3.13,3.4,8.3,140,5500,17,20,23875.0
18166.511382618493,"10",0,"audi","5000s","gas","turbo",2,"hatchback","4wd","front",99.5,178.2,67.9,52.0,3053,"ohc",5,131,"mpfi",3.13,3.4,7.0,160,5500,16,22,17859.167
16288.112722316331,"11",2,"bmw","320i","gas","std",2,"sedan","rwd","front",101.2,176.8,64.8,54.3,2395,"ohc",4,108,"mpfi",3.5,2.8,8.8,101,5800,23,29,16430.0
16084.499618449754,"12",0,"bmw","320i","gas","std",4,"sedan","rwd","front",101.2,176.8,64.8,54.3,2395,"ohc",4,108,"mpfi",3.5,2.8,8.8,101,5800,23,29,16925.0
21367.098638930864,"13",0,"bmw","x1","gas","std",2,"sedan","rwd","front",101.2,176.8,64.8,54.3,2710,"ohc",6,164,"mpfi",3.31,3.19,9.0,121,4250,21,28,20970.0
21503.945954719133,"14",0,"bmw","x3","gas","std",4,"sedan","rwd","front",101.2,176.8,64.8,54.3,2765,"ohc",6,164,"mpfi",3.31,3.19,9.0,121,4250,21,28,21105.0
22922.274788895196,"15",1,"bmw","z4","gas","std",4,"sedan","rwd","front",103.5,189.0,66.9,55.7,3055,"ohc",6,164,"mpfi",3.31,3.19,9.0,121,4250,20,25,24565.0
33805.8275103956,"16",0,"bmw","x4","gas","std",4,"sedan","rwd","front",103.5,189.0,66.9,55.7,3230,"ohc",6,209,"mpfi",3.62,3.39,8.0,182,5400,16,22,30760.0
38364.32008151109,"17",0,"bmw","x5","gas","std",2,"sedan","rwd","front",103.5,193.8,67.9,53.7,3380,"ohc",6,209,"mpfi",3.62,3.39,8.0,182,5400,16,22,41315.0
37749.055267849515,"18",0,"bmw","x3","gas","std",4,"sedan","rwd","front",110.0,197.0,70.9,56.3,3505,"ohc",6,209,"mpfi",3.62,3.39,8.0,182,5400,15,20,36880.0
5200.699833789415,"19",2,"chevrolet","impala","gas","std",2,"hatchback","fwd","front",88.4,141.1,60.3,53.2,1488,"l",3,61,"2bbl",2.91,3.03,9.5,48,5100,47,53,5151.0
6751.5578080802625,"20",1,"chevrolet","monte","gas","std",2,"hatchback","fwd","front",94.5,155.9,63.6,52.0,1874,"ohc",4,90,"2bbl",3.03,3.11,9.6,70,5400,38,43,6295.0
7561.813290634698,"21",0,"chevrolet","vega","gas","std",4,"sedan","fwd","front",94.5,158.8,63.6,52.0,1909,"ohc",4,90,"2bbl",3.03,3.11,9.6,70,5400,38,43,6575.0
5635.476393738336,"22",1,"dodge","rampage","gas","std",2,"hatchback","fwd","front",93.7,157.3,63.8,50.8,1876,"ohc",4,90,"2bbl",2.97,3.23,9.41,68,5500,37,41,5572.0
5945.801558827556,"23",1,"dodge","challenger","gas","std",2,"hatchback","fwd","front",93.7,157.3,63.8,50.8,1876,"ohc",4,90,"2bbl",2.97,3.23,9.4,68,5500,31,38,6377.0
7984.796407380647,"24",1,"dodge","d200","gas","turbo",2,"hatchback","fwd","front",93.7,157.3,63.8,50.8,2128,"ohc",4,98,"mpfi",3.03,3.39,7.6,102,5500,24,30,7957.0
6400.355356224853,"25",1,"dodge","monaco","gas","std",4,"hatchback","fwd","front",93.7,157.3,63.8,50.6,1967,"ohc",4,90,"2bbl",2.97,3.23,9.4,68,5500,31,38,6229.0
7194.09326375373,"26",1,"dodge","colt","gas","std",4,"sedan","fwd","front",93.7,157.3,63.8,50.6,1989,"ohc",4,90,"2bbl",2.97,3.23,9.4,68,5500,31,38,6692.0
7194.09326375373,"27",1,"dodge","colt","gas","std",4,"sedan","fwd","front",93.7,157.3,63.8,50.6,1989,"ohc",4,90,"2bbl",2.97,3.23,9.4,68,5500,31,38,7609.0
8680.492772021837,"28",1,"dodge","coronet","gas","turbo",2,"sedan","fwd","front",93.7,157.3,63.8,50.6,2191,"ohc",4,98,"mpfi",3.03,3.39,7.6,102,5500,24,30,8558.0
8944.47445491845,"29",-1,"dodge","dart","gas","std",4,"wagon","fwd","front",103.3,174.6,64.6,59.8,2535,"ohc",4,122,"2bbl",3.34,3.46,8.5,88,5000,24,30,8921.0
13163.777644672937,"30",3,"dodge","coronet","gas","turbo",2,"hatchback","fwd","front",95.9,173.2,66.3,50.2,2811,"ohc",4,156,"mfi",3.6,3.9,7.0,145,5000,19,24,12964.0
6310.1690979390805,"31",2,"honda","civic","gas","std",2,"hatchback","fwd","front",86.6,144.6,63.9,50.8,1713,"ohc",4,92,"1bbl",2.91,3.41,9.6,58,4800,49,54,6479.0
6814.331818496383,"32",2,"honda","civic","gas","std",2,"hatchback","fwd","front",86.6,144.6,63.9,50.8,1819,"ohc",4,92,"1bbl",2.91,3.41,9.2,76,6000,31,38,6855.0
5560.772854486055,"33",1,"honda","civic","gas","std",2,"hatchback","fwd","front",93.7,150.0,64.0,52.6,1837,"ohc",4,79,"1bbl",2.91,3.07,10.1,60,5500,38,42,5399.0
6729.052508452482,"34",1,"honda","accord","gas","std",2,"hatchback","fwd","front",93.7,150.0,64.0,52.6,1940,"ohc",4,92,"1bbl",2.91,3.41,9.2,76,6000,30,34,6529.0
6828.052239039487,"35",1,"honda","civic","gas","std",2,"hatchback","fwd","front",93.7,150.0,64.0,52.6,1956,"ohc",4,92,"1bbl",2.91,3.41,9.2,76,6000,30,34,7129.0
7241.941750386304,"36",0,"honda","accord","gas","std",4,"sedan","fwd","front",96.5,163.4,64.0,54.5,2010,"ohc",4,92,"1bbl",2.91,3.41,9.2,76,6000,30,34,7295.0
7326.9357476621335,"37",0,"honda","civic","gas","std",4,"wagon","fwd","front",96.5,157.1,63.9,58.3,2024,"ohc",4,92,"1bbl",2.92,3.41,9.2,76,6000,30,34,7295.0
8357.439209619111,"38",0,"honda","accord","gas","std",2,"hatchback","fwd","front",96.5,167.5,65.2,53.3,2236,"ohc",4,110,"1bbl",3.15,3.58,9.0,86,5800,27,33,7895.0
8871.358523526735,"39",0,"honda","civic","gas","std",2,"hatchback","fwd","front",96.5,167.5,65.2,53.3,2289,"ohc",4,110,"1bbl",3.15,3.58,9.0,86,5800,27,33,9095.0
9196.843814530916,"40",0,"honda","prelude","gas","std",4,"sedan","fwd","front",96.5,175.4,65.2,54.1,2304,"ohc",4,110,"1bbl",3.15,3.58,9.0,86,5800,27,33,8845.0
10068.991918125696,"41",0,"honda","accord","gas","std",4,"sedan","fwd","front",96.5,175.4,62.5,54.1,2372,"ohc",4,110,"1bbl",3.15,3.58,9.0,86,5800,27,33,10295.0
13028.447072902269,"42",0,"honda","civic","gas","std",4,"sedan","fwd","front",96.5,175.4,65.2,54.1,2465,"ohc",4,110,"mpfi",3.15,3.58,9.0,101,5800,24,28,12945.0
10087.70520059163,"43",1,"honda","civic","gas","std",2,"sedan","fwd","front",96.5,169.1,66.0,51.0,2293,"ohc",4,110,"2bbl",3.15,3.58,9.1,100,5500,25,31,10345.0
7101.492111721582,"44",0,"isuzu","MU","gas","std",4,"sedan","rwd","front",94.3,170.7,61.8,53.5,2337,"ohc",4,111,"2bbl",3.31,3.23,8.5,78,4800,24,29,6785.0
8072.3715777784055,"45",1,"isuzu","D","gas","std",2,"sedan","fwd","front",94.5,155.9,63.6,52.0,1874,"ohc",4,90,"2bbl",3.03,3.11,9.6,70,5400,38,43,8916.5
8006.992597141809,"46",0,"isuzu","D","gas","std",4,"sedan","fwd","front",94.5,155.9,63.6,52.0,1909,"ohc",4,90,"2bbl",3.03,3.11,9.6,70,5400,38,43,8916.5
11167.993247666902,"47",2,"isuzu","D","gas","std",2,"hatchback","rwd","front",96.0,172.6,65.2,51.4,2734,"ohc",4,119,"spfi",3.43,3.23,9.2,90,5000,24,29,11048.0
34374.17990628774,"48",0,"jaguar","xj","gas","std",4,"sedan","rwd","front",113.0,199.6,69.6,52.8,4066,"dohc",6,258,"mpfi",3.63,4.17,8.1,176,4750,15,19,32250.0
34374.17990628774,"49",0,"jaguar","xf","gas","std",4,"sedan","rwd","front",113.0,199.6,69.6,52.8,4066,"dohc",6,258,"mpfi",3.63,4.17,8.1,176,4750,15,19,35550.0
36209.08510951097,"50",0,"jaguar","xk","gas","std",2,"sedan","rwd","front",102.0,191.7,70.6,47.8,3950,"ohcv",12,326,"mpfi",3.54,2.76,11.5,262,5000,13,17,36000.0
5669.717778006143,"51",1,"mazda","rx3","gas","std",2,"hatchback","fwd","front",93.1,159.1,64.2,54.1,1890,"ohc",4,91,"2bbl",3.03,3.15,9.0,68,5000,30,31,5195.0
6109.957345163024,"52",1,"mazda","glc","gas","std",2,"hatchback","fwd","front",93.1,159.1,64.2,54.1,1900,"ohc",4,91,"2bbl",3.03,3.15,9.0,68,5000,31,38,6095.0
6109.957345163024,"53",1,"mazda","rx2","gas","std",2,"hatchback","fwd","front",93.1,159.1,64.2,54.1,1905,"ohc",4,91,"2bbl",3.03,3.15,9.0,68,5000,31,38,6795.0
6906.155827382154,"54",1,"mazda","rx","gas","std",4,"sedan","fwd","front",93.1,166.8,64.2,54.1,1945,"ohc",4,91,"2bbl",3.03,3.15,9.0,68,5000,31,38,6695.0
7105.148532131261,"55",1,"mazda","glc","gas","std",4,"sedan","fwd","front",93.1,166.8,64.2,54.1,1950,"ohc",4,91,"2bbl",3.08,3.15,9.0,68,5000,31,38,7395.0
12142.093845227308,"56",3,"mazda","626","gas","std",2,"hatchback","rwd","front",95.3,169.0,65.7,49.6,2380,"rotor",2,70,"4bbl",3.33,3.255,9.4,101,6000,17,23,10945.0
12142.093845227308,"57",3,"mazda","glc","gas","std",2,"hatchback","rwd","front",95.3,169.0,65.7,49.6,2380,"rotor",2,70,"4bbl",3.33,3.255,9.4,101,6000,17,23,11845.0
12445.820556500501,"58",3,"mazda","rx","gas","std",2,"hatchback","rwd","front",95.3,169.0,65.7,49.6,2385,"rotor",2,70,"4bbl",3.33,3.255,9.4,101,6000,17,23,13645.0
15040.406157353467,"59",3,"mazda","glc","gas","std",2,"hatchback","rwd","front",95.3,169.0,65.7,49.6,2500,"rotor",2,80,"mpfi",3.33,3.255,9.4,135,6000,16,23,15645.0
9801.757652857847,"60",1,"mazda","626","gas","std",2,"hatchback","fwd","front",98.8,177.8,66.5,53.7,2385,"ohc",4,122,"2bbl",3.39,3.39,8.6,84,4800,26,32,8845.0
9699.054866531438,"61",0,"mazda","glc","gas","std",4,"sedan","fwd","front",98.8,177.8,66.5,55.5,2410,"ohc",4,122,"2bbl",3.39,3.39,8.6,84,4800,26,32,8495.0
9801.757652857847,"62",1,"mazda","glc","gas","std",2,"hatchback","fwd","front",98.8,177.8,66.5,53.7,2385,"ohc",4,122,"2bbl",3.39,3.39,8.6,84,4800,26,32,10595.0
9699.054866531438,"63",0,"mazda","rx","gas","std",4,"sedan","fwd","front",98.8,177.8,66.5,55.5,2410,"ohc",4,122,"2bbl",3.39,3.39,8.6,84,4800,26,32,10245.0
10870.930256882257,"64",0,"mazda","glc","diesel","std",4,"sedan","fwd","front",98.8,177.8,66.5,55.5,2443,"ohc",4,122,"idi",3.39,3.39,22.7,64,4650,36,42,10795.0
10285.98283038432,"65",0,"mazda","626","gas","std",4,"hatchback","fwd","front",98.8,177.8,66.5,55.5,2425,"ohc",4,122,"2bbl",3.39,3.39,8.6,84,4800,26,32,11245.0
18158.317667940206,"66",0,"mazda","glc","gas","std",4,"sedan","rwd","front",104.9,175.0,66.1,54.4,2670,"ohc",4,140,"mpfi",3.76,3.16,8.0,120,5000,19,27,18280.0
18064.18248478467,"67",0,"mazda","rx","diesel","std",4,"sedan","rwd","front",104.9,175.0,66.1,54.4,2700,"ohc",4,134,"idi",3.43,3.64,22.0,72,4200,31,39,18344.0
27416.25713113839,"68",-1,"buick","electra","diesel","turbo",4,"sedan","rwd","front",110.0,190.9,70.3,56.5,3515,"ohc",5,183,"idi",3.58,3.64,21.5,123,4350,22,25,25552.0
27160.809150257654,"69",-1,"buick","century","diesel","turbo",4,"wagon","rwd","front",110.0,190.9,70.3,58.7,3750,"ohc",5,183,"idi",3.58,3.64,21.5,123,4350,22,25,28248.0
28406.53539804513,"70",0,"buick","century","diesel","turbo",2,"hardtop","rwd","front",106.7,187.5,70.3,54.9,3495,"ohc",5,183,"idi",3.58,3.64,21.5,123,4350,22,25,28176.0
30627.684037724084,"71",-1,"buick","skyhawk","diesel","turbo",4,"sedan","rwd","front",115.6,202.6,71.7,56.3,3770,"ohc",5,183,"idi",3.58,3.64,21.5,123,4350,22,25,31600.0
36011.355033793996,"72",-1,"buick","opel","gas","std",4,"sedan","rwd","front",115.6,202.6,71.7,56.5,3740,"ohcv",8,234,"mpfi",3.46,3.1,8.3,155,4750,16,18,34184.0
34953.905939379285,"73",3,"buick","skylark","gas","std",2,"convertible","rwd","front",96.6,180.3,70.5,50.8,3685,"ohcv",8,234,"mpfi",3.46,3.1,8.3,155,4750,16,18,35056.0
39343.48636189992,"74",0,"buick","century","gas","std",4,"sedan","rwd","front",120.9,208.1,71.7,56.7,3900,"ohcv",8,308,"mpfi",3.8,3.35,8.0,184,4500,14,16,40960.0
39538.72919408376,"75",1,"buick","regal","gas","std",2,"hardtop","rwd","front",112.0,199.2,72.0,55.4,3715,"ohcv",8,304,"mpfi",3.8,3.35,8.0,184,4500,14,16,45400.0
17120.84389094407,"76",1,"mercury","cougar","gas","turbo",2,"hatchback","rwd","front",102.7,178.4,68.0,54.8,2910,"ohc",4,140,"mpfi",3.78,3.12,8.0,175,5000,19,24,16503.0
5747.153406420297,"77",2,"mitsubishi","mirage","gas","std",2,"hatchback","fwd","front",93.7,157.3,64.4,50.8,1918,"ohc",4,92,"2bbl",2.97,3.23,9.4,68,5500,37,41,5389.0
6367.985483591485,"78",2,"mitsubishi","lancer","gas","std",2,"hatchback","fwd","front",93.7,157.3,64.4,50.8,1944,"ohc",4,92,"2bbl",2.97,3.23,9.4,68,5500,31,38,6189.0
6529.182352011132,"79",2,"mitsubishi","outlander","gas","std",2,"hatchback","fwd","front",93.7,157.3,64.4,50.8,2004,"ohc",4,92,"2bbl",2.97,3.23,9.4,68,5500,31,38,6669.0
7848.509776392526,"80",1,"mitsubishi","g4","gas","turbo",2,"hatchback","fwd","front",93.0,157.3,63.8,50.8,2145,"ohc",4,98,"spdi",3.03,3.39,7.6,102,5500,24,30,7689.0
9874.266281107015,"81",3,"mitsubishi","mirage","gas","turbo",2,"hatchback","fwd","front",96.3,173.0,65.4,49.4,2370,"ohc",4,110,"spdi",3.17,3.46,7.5,116,5500,23,30,9959.0
8323.041470625943,"82",3,"mitsubishi","g4","gas","std",2,"hatchback","fwd","front",96.3,173.0,65.4,49.4,2328,"ohc",4,122,"2bbl",3.35,3.46,8.5,88,5000,25,32,8499.0
13262.338869073934,"83",3,"mitsubishi","outlander","gas","turbo",2,"hatchback","fwd","front",95.9,173.2,66.3,50.2,2833,"ohc",4,156,"spdi",3.58,3.86,7.0,145,5000,19,24,12629.0
14216.654964902944,"84",3,"mitsubishi","g4","gas","turbo",2,"hatchback","fwd","front",95.9,173.2,66.3,50.2,2921,"ohc",4,156,"spdi",3.59,3.86,7.0,145,5000,19,24,14869.0
14216.654964902944,"85",3,"mitsubishi","mirage","gas","turbo",2,"hatchback","fwd","front",95.9,173.2,66.3,50.2,2926,"ohc",4,156,"spdi",3.59,3.86,7.0,145,5000,19,24,14489.0
7406.459275701589,"86",1,"mitsubishi","montero","gas","std",4,"sedan","fwd","front",96.3,172.4,65.4,51.6,2365,"ohc",4,122,"2bbl",3.35,3.46,8.5,88,5000,25,32,6989.0
7909.751432874746,"87",1,"mitsubishi","pajero","gas","std",4,"sedan","fwd","front",96.3,172.4,65.4,51.6,2405,"ohc",4,122,"2bbl",3.35,3.46,8.5,88,5000,25,32,8189.0
9439.556950488633,"88",1,"mitsubishi","outlander","gas","turbo",4,"sedan","fwd","front",96.3,172.4,65.4,51.6,2403,"ohc",4,110,"spdi",3.17,3.46,7.5,116,5500,23,30,9279.0
9434.901953616685,"89",-1,"mitsubishi","mirage","gas","std",4,"sedan","fwd","front",96.3,172.4,65.4,51.6,2403,"ohc",4,110,"spdi",3.17,3.46,7.5,116,5500,23,30,9279.0
6555.84492955128,"90",1,"nissan","versa","gas","std",2,"sedan","fwd","front",94.5,165.3,63.8,54.5,1889,"ohc",4,97,"2bbl",3.15,3.29,9.4,69,5200,31,37,5499.0
7123.273999848909,"91",1,"nissan","gt","diesel","std",2,"sedan","fwd","front",94.5,165.3,63.8,54.5,2017,"ohc",4,103,"idi",2.99,3.47,21.9,55,4800,45,50,7099.0
6576.6302379123335,"92",1,"nissan","rogue","gas","std",2,"sedan","fwd","front",94.5,165.3,63.8,54.5,1918,"ohc",4,97,"2bbl",3.15,3.29,9.4,69,5200,31,37,6649.0
6786.769619354087,"93",1,"nissan","latio","gas","std",4,"sedan","fwd","front",94.5,165.3,63.8,54.5,1938,"ohc",4,97,"2bbl",3.15,3.29,9.4,69,5200,31,37,6849.0
7750.972527154761,"94",1,"nissan","titan","gas","std",4,"wagon","fwd","front",94.5,170.2,63.8,53.5,2024,"ohc",4,97,"2bbl",3.15,3.29,9.4,69,5200,31,37,7349.0
6880.04490370028,"95",1,"nissan","leaf","gas","std",2,"sedan","fwd","front",94.5,165.3,63.8,54.5,1951,"ohc",4,97,"2bbl",3.15,3.29,9.4,69,5200,31,37,7299.0
7484.779040758538,"96",1,"nissan","juke","gas","std",2,"hatchback","fwd","front",94.5,165.6,63.8,53.3,2028,"ohc",4,97,"2bbl",3.15,3.29,9.4,69,5200,31,37,7799.0
7027.521062859374,"97",1,"nissan","latio","gas","std",4,"sedan","fwd","front",94.5,165.3,63.8,54.5,1971,"ohc",4,97,"2bbl",3.15,3.29,9.4,69,5200,31,37,7499.0
7802.73815406211,"98",1,"nissan","note","gas","std",4,"wagon","fwd","front",94.5,170.2,63.8,53.5,2037,"ohc",4,97,"2bbl",3.15,3.29,9.4,69,5200,31,37,7999.0
8328.624928419518,"99",2,"nissan","clipper","gas","std",2,"hardtop","fwd","front",95.1,162.4,63.8,53.3,2008,"ohc",4,97,"2bbl",3.15,3.29,9.4,69,5200,31,37,8249.0
9217.329878070897,"100",0,"nissan","rogue","gas","std",4,"hatchback","fwd","front",97.2,173.4,65.2,54.7,2324,"ohc",4,120,"2bbl",3.33,3.47,8.5,97,5200,27,34,8949.0
9101.285864093847,"101",0,"nissan","nv200","gas","std",4,"sedan","fwd","front",97.2,173.4,65.2,54.7,2302,"ohc",4,120,"2bbl",3.33,3.47,8.5,97,5200,27,34,9549.0
13763.67311517293,"102",0,"nissan","dayz","gas","std",4,"sedan","fwd","front",100.4,181.7,66.5,55.1,3095,"ohcv",6,181,"mpfi",3.43,3.27,9.0,152,5200,17,22,13499.0
14051.062296548433,"103",0,"nissan","fuga","gas","std",4,"wagon","fwd","front",100.4,184.6,66.5,56.1,3296,"ohcv",6,181,"mpfi",3.43,3.27,9.0,152,5200,17,22,14399.0
14447.984162250108,"104",0,"nissan","otti","gas","std",4,"sedan","fwd","front",100.4,184.6,66.5,55.1,3060,"ohcv",6,181,"mpfi",3.43,3.27,9.0,152,5200,19,25,13499.0
17905.21627871091,"105",3,"nissan","teana","gas","std",2,"hatchback","rwd","front",91.3,170.7,67.9,49.7,3071,"ohcv",6,181,"mpfi",3.43,3.27,9.0,160,5200,19,25,17199.0
19426.201519885606,"106",3,"nissan","kicks","gas","turbo",2,"hatchback","rwd","front",91.3,170.7,67.9,49.7,3139,"ohcv",6,181,"mpfi",3.43,3.27,7.8,200,5200,17,23,19699.0
17455.006486573762,"107",1,"nissan","clipper","gas","std",2,"hatchback","rwd","front",99.2,178.5,67.9,49.7,3139,"ohcv",6,181,"mpfi",3.43,3.27,9.0,160,5200,19,25,18399.0
12941.116955199785,"108",0,"peugeot","504","gas","std",4,"sedan","rwd","front",107.9,186.7,68.4,56.7,3020,"l",4,120,"mpfi",3.46,3.19,8.4,97,5000,19,24,11900.0
15616.810906925744,"109",0,"peugeot","304","diesel","turbo",4,"sedan","rwd","front",107.9,186.7,68.4,56.7,3197,"l",4,152,"idi",3.7,3.52,21.0,95,4150,28,33,13200.0
14293.606763282365,"110",0,"peugeot","504","gas","std",4,"wagon","rwd","front",114.2,198.9,68.4,58.7,3230,"l",4,120,"mpfi",3.46,3.19,8.4,97,5000,19,24,12440.0
16152.321143546647,"111",0,"peugeot","504","diesel","turbo",4,"wagon","rwd","front",114.2,198.9,68.4,58.7,3430,"l",4,152,"idi",3.7,3.52,21.0,95,4150,25,25,13860.0
15992.234833279199,"112",0,"peugeot","504","gas","std",4,"sedan","rwd","front",107.9,186.7,68.4,56.7,3075,"l",4,120,"mpfi",3.46,2.19,8.4,95,5000,19,24,15580.0
16418.129737415857,"113",0,"peugeot","604sl","diesel","turbo",4,"sedan","rwd","front",107.9,186.7,68.4,56.7,3252,"l",4,152,"idi",3.7,3.52,21.0,95,4150,28,33,16900.0
15603.885420241899,"114",0,"peugeot","504","gas","std",4,"wagon","rwd","front",114.2,198.9,68.4,56.7,3285,"l",4,120,"mpfi",3.46,2.19,8.4,95,5000,19,24,16695.0
16152.321143546647,"115",0,"peugeot","505s","diesel","turbo",4,"wagon","rwd","front",114.2,198.9,68.4,58.7,3485,"l",4,152,"idi",3.7,3.52,21.0,95,4150,25,25,17075.0
15497.77914098794,"116",0,"peugeot","504","gas","std",4,"sedan","rwd","front",107.9,186.7,68.4,56.7,3075,"l",4,120,"mpfi",3.46,3.19,8.4,97,5000,19,24,16630.0
16418.129737415857,"117",0,"peugeot","504","diesel","turbo",4,"sedan","rwd","front",107.9,186.7,68.4,56.7,3252,"l",4,152,"idi",3.7,3.52,21.0,95,4150,28,33,17950.0
18120.180815616197,"118",0,"peugeot","604sl","gas","turbo",4,"sedan","rwd","front",108.0,186.7,68.3,56.0,3130,"l",4,134,"mpfi",3.61,3.21,7.0,142,5600,18,24,18150.0
5635.374375382013,"119",1,"plymouth","fury","gas","std",2,"hatchback","fwd","front",93.7,157.3,63.8,50.8,1918,"ohc",4,90,"2bbl",2.97,3.23,9.4,68,5500,37,41,5572.0
7827.9739525705045,"120",1,"plymouth","cricket","gas","turbo",2,"hatchback","fwd","front",93.7,157.3,63.8,50.8,2128,"ohc",4,98,"spdi",3.03,3.39,7.6,102,5500,24,30,7957.0
6400.355356224853,"121",1,"plymouth","fury","gas","std",4,"hatchback","fwd","front",93.7,157.3,63.8,50.6,1967,"ohc",4,90,"2bbl",2.97,3.23,9.4,68,5500,31,38,6229.0
7056.332914837676,"122",1,"plymouth","satellite","gas","std",4,"sedan","fwd","front",93.7,167.3,63.8,50.8,1989,"ohc",4,90,"2bbl",2.97,3.23,9.4,68,5500,31,38,6692.0
7353.60379446395,"123",1,"plymouth","fury","gas","std",4,"sedan","fwd","front",93.7,167.3,63.8,50.8,2191,"ohc",4,98,"2bbl",2.97,3.23,9.4,68,5500,31,38,7609.0
8912.887678185052,"124",-1,"plymouth","valiant","gas","std",4,"wagon","fwd","front",103.3,174.6,64.6,59.8,2535,"ohc",4,122,"2bbl",3.35,3.46,8.5,88,5000,24,30,8921.0
13304.887874045915,"125",3,"plymouth","duster","gas","turbo",2,"hatchback","rwd","front",95.9,173.2,66.3,50.2,2818,"ohc",4,156,"spdi",3.59,3.86,7.0,145,5000,19,24,12764.0
20834.84833411271,"126",3,"porsche","macan","gas","std",2,"hatchback","rwd","front",94.5,168.9,68.3,50.2,2778,"ohc",4,151,"mpfi",3.94,3.11,9.5,143,5500,19,27,22018.0
34016.701800742696,"127",3,"porsche","panamera","gas","std",2,"hardtop","rwd","rear",89.5,168.9,65.0,51.6,2756,"ohcf",6,194,"mpfi",3.74,2.9,9.5,207,5900,17,25,32528.0
34016.701800742696,"128",3,"porsche","cayenne","gas","std",2,"hardtop","rwd","rear",89.5,168.9,65.0,51.6,2756,"ohcf",6,194,"mpfi",3.74,2.9,9.5,207,5900,17,25,34028.0
35115.900084891866,"129",3,"porsche","boxter","gas","std",2,"convertible","rwd","rear",89.5,168.9,65.0,51.6,2800,"ohcf",6,194,"mpfi",3.74,2.9,9.5,207,5900,17,25,37028.0
33157.92335108812,"130",1,"porsche","cayenne","gas","std",2,"hatchback","rwd","front",98.4,175.7,72.3,50.5,3366,"dohcv",8,203,"mpfi",3.94,3.11,10.0,288,5750,17,28,31400.5
9280.044616141862,"131",0,"renault","12tl","gas","std",4,"wagon","fwd","front",96.1,181.5,66.5,55.2,2579,"ohc",4,132,"mpfi",3.46,3.9,8.7,90,5100,23,31,9295.0
9913.675114551133,"132",2,"renault","5","gas","std",2,"hatchback","fwd","front",96.1,176.8,66.6,50.5,2460,"ohc",4,132,"mpfi",3.46,3.9,8.7,90,5100,23,31,9895.0
12478.47671357686,"133",3,"saab","99e","gas","std",2,"hatchback","fwd","front",99.1,186.6,66.5,56.1,2658,"ohc",4,121,"mpfi",3.54,3.07,9.31,110,5250,21,28,11850.0
13037.692060866899,"134",2,"saab","99le","gas","std",4,"sedan","fwd","front",99.1,186.6,66.5,56.1,2695,"ohc",4,121,"mpfi",3.54,3.07,9.3,110,5250,21,28,12170.0
14396.640503802842,"135",3,"saab","99le","gas","std",2,"hatchback","fwd","front",99.1,186.6,66.5,56.1,2707,"ohc",4,121,"mpfi",2.54,2.07,9.3,110,5250,21,28,15040.0
14441.293666282243,"136",2,"saab","99gle","gas","std",4,"sedan","fwd","front",99.1,186.6,66.5,56.1,2758,"ohc",4,121,"mpfi",3.54,3.07,9.3,110,5250,21,28,15510.0
18053.31891928012,"137",3,"saab","99gle","gas","turbo",2,"hatchback","fwd","front",99.1,186.6,66.5,56.1,2808,"dohc",4,121,"mpfi",3.54,3.07,9.0,160,5500,19,26,18150.0
18314.352283576078,"138",2,"saab","99e","gas","turbo",4,"sedan","fwd","front",99.1,186.6,66.5,56.1,2847,"dohc",4,121,"mpfi",3.54,3.07,9.0,160,5500,19,26,18620.0
5570.474141517228,"139",2,"subaru","impreza","gas","std",2,"hatchback","fwd","front",93.7,156.9,63.4,53.7,2050,"ohcf",4,97,"2bbl",3.62,2.36,9.0,69,4900,31,36,5118.0
6943.913580456323,"140",2,"subaru","dl","gas","std",2,"hatchback","fwd","front",93.7,157.9,63.6,53.7,2120,"ohcf",4,108,"2bbl",3.62,2.64,8.7,73,4400,26,31,7053.0
7311.998087683267,"141",2,"subaru","dl","gas","std",2,"hatchback","4wd","front",93.3,157.3,63.8,55.7,2240,"ohcf",4,108,"2bbl",3.62,2.64,8.7,73,4400,26,31,7603.0
7156.469638326711,"142",0,"subaru","impreza","gas","std",4,"sedan","fwd","front",97.2,172.0,65.4,52.5,2145,"ohcf",4,108,"2bbl",3.62,2.64,9.5,82,4800,32,37,7126.0
7832.728956738061,"143",0,"subaru","brz","gas","std",4,"sedan","fwd","front",97.2,172.0,65.4,52.5,2190,"ohcf",4,108,"2bbl",3.62,2.64,9.5,82,4400,28,33,7775.0
9804.161999383516,"144",0,"subaru","baja","gas","std",4,"sedan","fwd","front",97.2,172.0,65.4,52.5,2340,"ohcf",4,108,"mpfi",3.62,2.64,9.0,94,5200,26,32,9960.0
8937.172190526075,"145",0,"subaru","r1","gas","std",4,"sedan","4wd","front",97.0,172.0,65.4,54.3,2385,"ohcf",4,108,"2bbl",3.62,2.64,9.0,82,4800,24,25,9233.0
11730.801523187703,"146",0,"subaru","r2","gas","turbo",4,"sedan","4wd","front",97.0,172.0,65.4,54.3,2510,"ohcf",4,108,"mpfi",3.62,2.64,7.7,111,4800,24,29,11259.0
7376.53024164731,"147",0,"subaru","trezia","gas","std",4,"wagon","fwd","front",97.0,173.5,65.4,53.0,2290,"ohcf",4,108,"2bbl",3.62,2.64,9.0,82,4800,28,32,7463.0
10183.659318605012,"148",0,"subaru","tribeca","gas","std",4,"wagon","fwd","front",97.0,173.5,65.4,53.0,2455,"ohcf",4,108,"mpfi",3.62,2.64,9.0,94,5200,25,31,10198.0
8353.324541190213,"149",0,"subaru","dl","gas","std",4,"wagon","4wd","front",96.9,173.6,65.4,54.9,2420,"ohcf",4,108,"2bbl",3.62,2.64,9.0,82,4800,23,29,8013.0
11440.643305042333,"150",0,"subaru","dl","gas","turbo",4,"wagon","4wd","front",96.9,173.6,65.4,54.9,2650,"ohcf",4,108,"mpfi",3.62,2.64,7.7,111,4800,23,23,11694.0
5796.695788600988,"151",1,"toyota","corona","gas","std",2,"hatchback","fwd","front",95.7,158.7,63.6,54.5,1985,"ohc",4,92,"2bbl",3.05,3.03,9.0,62,4800,35,39,5348.0
6249.140768920577,"152",1,"toyota","corona","gas","std",2,"hatchback","fwd","front",95.7,158.7,63.6,54.5,2040,"ohc",4,92,"2bbl",3.05,3.03,9.0,62,4800,31,38,6338.0
6243.87081275279,"153",1,"toyota","corolla","gas","std",4,"hatchback","fwd","front",95.7,158.7,63.6,54.5,2015,"ohc",4,92,"2bbl",3.05,3.03,9.0,62,4800,31,38,6488.0
7033.087335863656,"154",0,"toyota","corona","gas","std",4,"wagon","fwd","front",95.7,169.7,63.6,59.1,2280,"ohc",4,92,"2bbl",3.05,3.03,9.0,62,4800,31,37,6918.0
7253.2332171588605,"155",0,"toyota","corolla","gas","std",4,"wagon","4wd","front",95.7,169.7,63.6,59.1,2290,"ohc",4,92,"2bbl",3.05,3.03,9.0,62,4800,27,32,7898.0
10185.450976529664,"156",0,"toyota","carina","gas","std",4,"wagon","4wd","front",95.7,169.7,63.6,59.1,3110,"ohc",4,92,"2bbl",3.05,3.03,9.0,62,4800,27,32,8778.0
7442.530595639295,"157",0,"toyota","mark","gas","std",4,"sedan","fwd","front",95.7,166.3,64.4,53.0,2081,"ohc",4,98,"2bbl",3.19,3.03,9.0,70,4800,30,37,6938.0
7309.968497970647,"158",0,"toyota","corolla","gas","std",4,"hatchback","fwd","front",95.7,166.3,64.4,52.8,2109,"ohc",4,98,"2bbl",3.19,3.03,9.0,70,4800,30,37,7198.0
8018.758428850717,"159",0,"toyota","corona","diesel","std",4,"sedan","fwd","front",95.7,166.3,64.4,53.0,2275,"ohc",4,110,"idi",3.27,3.35,22.5,56,4500,34,36,7898.0
7773.444710531778,"160",0,"toyota","corolla","diesel","std",4,"hatchback","fwd","front",95.7,166.3,64.4,52.8,2275,"ohc",4,110,"idi",3.27,3.35,22.5,56,4500,38,47,7788.0
7517.48310230071,"161",0,"toyota","corona","gas","std",4,"sedan","fwd","front",95.7,166.3,64.4,53.0,2094,"ohc",4,98,"2bbl",3.19,3.03,9.0,70,4800,38,47,7738.0
8416.388135173864,"162",0,"toyota","corolla","gas","std",4,"hatchback","fwd","front",95.7,166.3,64.4,52.8,2122,"ohc",4,98,"2bbl",3.19,3.03,9.0,70,4800,28,34,8358.0
8520.64013163144,"163",0,"toyota","mark","gas","std",4,"sedan","fwd","front",95.7,166.3,64.4,52.8,2140,"ohc",4,98,"2bbl",3.19,3.03,9.0,70,4800,28,34,9258.0
8307.743575015611,"164",1,"toyota","corolla","gas","std",2,"sedan","rwd","front",94.5,168.7,64.0,52.6,2169,"ohc",4,98,"2bbl",3.19,3.03,9.0,70,4800,29,34,8058.0
8107.352639236993,"165",1,"toyota","corona","gas","std",2,"hatchback","rwd","front",94.5,168.7,64.0,52.6,2204,"ohc",4,98,"2bbl",3.19,3.03,9.0,70,4800,29,34,8238.0
9369.039616981096,"166",1,"toyota","celica","gas","std",2,"sedan","rwd","front",94.5,168.7,64.0,52.6,2265,"dohc",4,98,"mpfi",3.24,3.08,9.4,112,6600,26,29,9298.0
9576.44064775998,"167",1,"toyota","corolla","gas","std",2,"hatchback","rwd","front",94.5,168.7,64.0,52.6,2300,"dohc",4,98,"mpfi",3.24,3.08,9.4,112,6600,26,29,9538.0
9582.114967563695,"168",2,"toyota","corona","gas","std",2,"hardtop","rwd","front",98.4,176.2,65.6,52.0,2540,"ohc",4,146,"mpfi",3.62,3.5,9.3,116,4800,24,30,8449.0
9582.114967563695,"169",2,"toyota","corolla","gas","std",2,"hardtop","rwd","front",98.4,176.2,65.6,52.0,2536,"ohc",4,146,"mpfi",3.62,3.5,9.3,116,4800,24,30,9639.0
9714.832850196904,"170",2,"toyota","starlet","gas","std",2,"hatchback","rwd","front",98.4,176.2,65.6,52.0,2551,"ohc",4,146,"mpfi",3.62,3.5,9.3,116,4800,24,30,9989.0
10949.090479114599,"171",2,"toyota","tercel","gas","std",2,"hardtop","rwd","front",98.4,176.2,65.6,52.0,2679,"ohc",4,146,"mpfi",3.62,3.5,9.3,116,4800,24,30,11199.0
11837.592664936132,"172",2,"toyota","corolla","gas","std",2,"hatchback","rwd","front",98.4,176.2,65.6,52.0,2714,"ohc",4,146,"mpfi",3.62,3.5,9.3,116,4800,24,30,11549.0
16807.537037232465,"173",2,"toyota","cressida","gas","std",2,"convertible","rwd","front",98.4,176.2,65.6,53.0,2975,"ohc",4,146,"mpfi",3.62,3.5,9.3,116,4800,24,30,17669.0
9451.996444979257,"174",-1,"toyota","corolla","gas","std",4,"sedan","fwd","front",102.4,175.6,66.5,54.9,2326,"ohc",4,122,"mpfi",3.31,3.54,8.7,92,4200,29,34,8948.0
11090.218568602151,"175",-1,"toyota","celica","diesel","turbo",4,"sedan","fwd","front",102.4,175.6,66.5,54.9,2480,"ohc",4,110,"idi",3.27,3.35,22.5,73,4500,30,33,10698.0
10481.805119433946,"176",-1,"toyota","corona","gas","std",4,"hatchback","fwd","front",102.4,175.6,66.5,53.9,2414,"ohc",4,122,"mpfi",3.31,3.54,8.7,92,4200,27,32,9988.0
10461.84548334176,"177",-1,"toyota","corolla","gas","std",4,"sedan","fwd","front",102.4,175.6,66.5,54.9,2414,"ohc",4,122,"mpfi",3.31,3.54,8.7,92,4200,27,32,10898.0
10835.25188104207,"178",-1,"toyota","mark","gas","std",4,"hatchback","fwd","front",102.4,175.6,66.5,53.9,2458,"ohc",4,122,"mpfi",3.31,3.54,8.7,92,4200,27,32,11248.0
16284.414980688638,"179",3,"toyota","corolla","gas","std",2,"hatchback","rwd","front",102.9,183.5,67.7,52.0,2976,"dohc",6,171,"mpfi",3.27,3.35,9.3,161,5200,20,24,16558.0
16197.035201826639,"180",3,"toyota","corona","gas","std",2,"hatchback","rwd","front",102.9,183.5,67.7,52.0,3016,"dohc",6,171,"mpfi",3.27,3.35,9.3,161,5200,19,24,15998.0
15777.762715974397,"181",-1,"toyota","starlet","gas","std",4,"sedan","rwd","front",104.5,187.8,66.5,54.1,3131,"dohc",6,171,"mpfi",3.27,3.35,9.2,156,5200,20,24,15690.0
15609.449052014894,"182",-1,"toyota","tercel","gas","std",4,"wagon","rwd","front",104.5,187.8,66.5,54.1,3151,"dohc",6,161,"mpfi",3.27,3.35,9.2,156,5200,19,24,15750.0
7968.538510122842,"183",2,"volkswagen","rabbit","diesel","std",2,"sedan","fwd","front",97.3,171.7,65.5,55.7,2261,"ohc",4,97,"idi",3.01,3.4,23.0,52,4800,37,46,7775.0
8210.824455061502,"184",2,"volkswagen","1131","gas","std",2,"sedan","fwd","front",97.3,171.7,65.5,55.7,2209,"ohc",4,109,"mpfi",3.19,3.4,9.0,85,5250,27,34,7975.0
7996.92627457673,"185",2,"volkswagen","model","diesel","std",4,"sedan","fwd","front",97.3,171.7,65.5,55.7,2264,"ohc",4,97,"idi",3.01,3.4,23.0,52,4800,37,46,7995.0
8181.940607705659,"186",2,"volkswagen","type","gas","std",4,"sedan","fwd","front",97.3,171.7,65.5,55.7,2212,"ohc",4,109,"mpfi",3.19,3.4,9.0,85,5250,27,34,8195.0
8437.791471758432,"187",2,"volkswagen","411","gas","std",4,"sedan","fwd","front",97.3,171.7,65.5,55.7,2275,"ohc",4,109,"mpfi",3.19,3.4,9.0,85,5250,27,34,8495.0
9327.279059567994,"188",2,"volkswagen","super","diesel","turbo",4,"sedan","fwd","front",97.3,171.7,65.5,55.7,2319,"ohc",4,97,"idi",3.01,3.4,23.0,68,4500,37,42,9495.0
10176.23534224326,"189",2,"volkswagen","dasher","gas","std",4,"sedan","fwd","front",97.3,171.7,65.5,55.7,2300,"ohc",4,109,"mpfi",3.19,3.4,10.0,100,5500,26,32,9995.0
11364.943225005216,"190",3,"volkswagen","dasher","gas","std",2,"convertible","fwd","front",94.5,159.3,64.2,55.6,2254,"ohc",4,109,"mpfi",3.19,3.4,8.5,90,5500,24,29,11595.0
10038.141931751317,"191",3,"volkswagen","rabbit","gas","std",2,"hatchback","fwd","front",94.5,165.7,64.0,51.4,2221,"ohc",4,109,"mpfi",3.19,3.4,8.5,90,5500,24,29,9980.0
13731.270011761731,"192",0,"volkswagen","rabbit","gas","std",4,"sedan","fwd","front",100.4,180.2,66.9,55.1,2661,"ohc",5,136,"mpfi",3.19,3.4,8.5,110,5500,19,24,13295.0
13423.9311993509,"193",0,"volkswagen","rabbit","diesel","turbo",4,"sedan","fwd","front",100.4,180.2,66.9,55.1,2579,"ohc",4,97,"idi",3.01,3.4,23.0,68,4500,33,38,13845.0
12642.760920444078,"194",0,"volkswagen","dasher","gas","std",4,"wagon","fwd","front",100.4,183.1,66.9,55.1,2563,"ohc",4,109,"mpfi",3.19,3.4,9.0,88,5500,25,31,12290.0
14264.503620067186,"195",-2,"volvo","145e","gas","std",4,"sedan","rwd","front",104.3,188.8,67.2,56.2,2912,"ohc",4,141,"mpfi",3.78,3.15,9.5,114,5400,23,28,12940.0
14096.41682771737,"196",-1,"volvo","144ea","gas","std",4,"wagon","rwd","front",104.3,188.8,67.2,57.5,3034,"ohc",4,141,"mpfi",3.78,3.15,9.5,114,5400,23,28,13415.0
14782.998537102289,"197",-2,"volvo","244dl","gas","std",4,"sedan","rwd","front",104.3,188.8,67.2,56.2,2935,"ohc",4,141,"mpfi",3.78,3.15,9.5,114,5400,24,28,15985.0
16032.333701649255,"198",-1,"volvo","245","gas","std",4,"wagon","rwd","front",104.3,188.8,67.2,57.5,3042,"ohc",4,141,"mpfi",3.78,3.15,9.5,114,5400,24,28,16515.0
18192.247679987497,"199",-2,"volvo","264gl","gas","turbo",4,"sedan","rwd","front",104.3,188.8,67.2,56.2,3045,"ohc",4,130,"mpfi",3.62,3.15,7.5,162,5100,17,22,18420.0
18122.985095420427,"200",-1,"volvo","diesel","gas","turbo",4,"wagon","rwd","front",104.3,188.8,67.2,57.5,3157,"ohc",4,130,"mpfi",3.62,3.15,7.5,162,5100,17,22,18950.0
17829.284284511155,"201",-1,"volvo","145e","gas","std",4,"sedan","rwd","front",109.1,188.8,68.9,55.5,2952,"ohc",4,141,"mpfi",3.78,3.15,9.5,114,5400,23,28,16845.0
19920.376267829484,"202",-1,"volvo","144ea","gas","turbo",4,"sedan","rwd","front",109.1,188.8,68.8,55.5,3049,"ohc",4,141,"mpfi",3.78,3.15,8.7,160,5300,19,25,19045.0
21078.17113868291,"203",-1,"volvo","244dl","gas","std",4,"sedan","rwd","front",109.1,188.8,68.9,55.5,3012,"ohcv",6,173,"mpfi",3.58,2.87,8.8,134,5500,18,23,21485.0
21830.727445760316,"204",-1,"volvo","246","diesel","turbo",4,"sedan","rwd","front",109.1,188.8,68.9,55.5,3217,"ohc",6,145,"idi",3.01,3.4,23.0,106,4800,26,27,22470.0
21707.11453119809,"205",-1,"volvo","264gl","gas","turbo",4,"sedan","rwd","front",109.1,188.8,68.9,55.5,3062,"ohc",4,141,"mpfi",3.78,3.15,9.5,114,5400,19,25,22625.0
